{"cameraMode":{"drawMode":0,"name":"Shaded","section":"Shading Mode"},"sceneLighting":false,"audioPlay":false,"sceneViewState":{"showFog":true,"showMaterialUpdate":false,"showSkybox":false,"showFlares":true,"showImageEffects":true,"showParticleSystems":true},"in2DMode":false,"pivot":{"x":-0.759431004524231,"y":1.0962947607040406,"z":1.2832552194595338},"rotation":{"x":0.000027305286494083703,"y":0.9983501434326172,"z":-0.0003115635481663048,"w":-0.058158762753009799},"size":2.2270095348358156,"orthographic":false}